Title,Rating,Price,Series,color,power_backup,processor_brand,processor,ssd,ram,ram_type,hardsk_capacity,touch_screen,screen_size
"Lenovo IdeaPad 3 Core i3 10th Gen - (8 GB/256 GB SSD/Windows 10 Home) 15IML05 Thin and Light Laptop  (15.6 Inch, Platinum Grey, 1.7 kg, With MS Office)",4.5,"₹35,990",15IML05,IdeaPad 3,Processing & Multitasking,Intel,Core i3,Yes,256 GB,8 GB,DDR4,No,39.62 cm (15.6 Inch)
"Lenovo Ideapad Slim 5i Core i5 11th Gen - (16 GB/512 GB SSD/Windows 10 Home) 15 ITL 05 Thin and Light Laptop  (15.6 Inch, Graphite Grey, 1.66 KG, With MS Office)",4.3,"₹62,990",Ideapad Slim 5i,Graphite Grey,Upto 11 Hours,Intel,Core i5,Yes,512 GB,16 GB,DDR4,No,39.62 cm (15.6 Inch)
"Lenovo IdeaPad 3 Core i3 11th Gen - (8 GB/512 GB SSD/Windows 10 Home) 15ITL6 Thin and Light Laptop  (15.6 inch, Arctic Grey, 1.65 Kg, With MS Office)",4.3,"₹43,490",IdeaPad 3,Arctic Grey,Upto 6 Hours,Intel,Core i3,Yes,512 GB,8 GB,DDR4,No,39.62 cm (15.6 inch)
"Lenovo IdeaPad 3 Core i3 10th Gen - (8 GB/1 TB HDD/Windows 10 Home) 15IML05 Thin and Light Laptop  (15.6 inch, Platinum Grey, 1.7 kg, With MS Office)",4.3,"₹36,990",IdeaPad 3,Platinum Grey,Upto 9 hours,Intel,Core i3,No,8 GB,DDR4,1 TB,No,39.62 cm (15.6 inch)
"HP Pavilion Core i5 11th Gen - (8 GB/512 GB SSD/Windows 10 Home) 14-dv0543TU Thin and Light Laptop  (14 Inch, Natural Silver, 1.41 Kg, With MS Office)",4.8,"₹59,990",14-dv0543TU,Pavilion,"Entertainment, Processing & Multitasking",Intel,Core i5,Yes,512 GB,8 GB,DDR4,No,35.56 cm (14 Inch)
"Lenovo APU Dual Core A9 A99425 - (4 GB/1 TB HDD/DOS) E41-45 Notebook  (14 inch, Black, 2.2 Kg)",3.7,"₹21,896",Black,Notebook,45W AC Adapter,AMD,APU Dual Core A9,4 GB,DDR4,1 TB,A99425,No,35.56 cm (14 inch)
"acer Dual Core A3020e - (4 GB/256 GB SSD/Windows 10 Home) EX215-22 Laptop  (15.6 inch, Black, 1.9 kg)",,"₹24,990",Extensa 15,Black,Upto 9 hours,AMD,Dual Core,256 GB,4 GB,DDR4,A3020e,No,39.62 cm (15.6 inch)
"HP Ryzen 3 Dual Core 3250U - (8 GB/256 GB SSD/Windows 10 Home) 15s-GY0501AU Thin and Light Laptop  (15.6 inch, Natural Silver, 1.69 kg, With MS Office)",4.7,"₹38,990",15s-GY0501AU,Natural Silver,3 cell,AMD,Ryzen 3 Dual Core,256 GB,8 GB,DDR4,3250U,No,39.62 cm (15.6 inch)
"Lenovo IdeaPad Slim 3 (2021) Ryzen 5 Hexa Core 5500U - (8 GB/512 GB SSD/Windows 10 Home) 14 ALC 6 Thin and Light Laptop  (14 Inch, Arctic Grey, 1.41 KG, With MS Office)",4.5,"₹52,990",IdeaPad Slim 3 (2021),Arctic Grey,Upto 9.5 Hours,AMD,Ryzen 5 Hexa Core,512 GB,8 GB,DDR4,5500U,No,35.56 cm (14 Inch)
"Lenovo IdeaPad 3 Core i3 10th Gen - (4 GB/256 GB, NA SSD/Windows 10 Home) 15IML05 Thin and Light Laptop  (15.6 inch, Platinum Grey, 1.7 kg, With MS Office)",4.3,"₹33,990",IdeaPad 3,Platinum Grey,Upto 11.5 hours,Intel,Core i3,Yes,"256 GB, NA",4 GB,DDR4,No,39.62 cm (15.6 inch)
"Lenovo IdeaPad 3 Core i3 11th Gen - (8 GB/256 GB SSD/Windows 10 Home) 15ITL6 Thin and Light Laptop  (15.6 inch, Arctic Grey, 1.6 kg, With MS Office)",4.4,"₹39,990",IdeaPad 3,Arctic Grey,Upto 7.5 hours,Intel,Core i3,Yes,256 GB,8 GB,DDR4,No,39.62 cm (15.6 inch)
"Lenovo Ideapad Slim 3i (2021) Core i5 11th Gen - (8 GB/256 GB SSD/Windows 10 Home) 15ITL6/ 15ITL6 Ub Thin and Light Laptop  (15.6 inch, Arctic Grey, 1.65 kg, With MS Office)",4.2,"₹49,990",Ideapad Slim 3i (2021),Arctic Grey,Upto 7.5 hours,Intel,Core i5,Yes,256 GB,8 GB,DDR4,No,39.62 cm (15.6 inch)
"HP HP Pavilion Core i5 11th Gen - (16 GB/512 GB SSD/Windows 10 Home) 14-dv0055TU Thin and Light Laptop  (14 inches, Tranquil Pink, 1.41 kg, With MS Office)",4.5,"₹66,490",HP Pavilion,Tranquil Pink,3 cell,Intel,Core i5,Yes,512 GB,16 GB,DDR4,No,35.56 cm (14 inches)
"Lenovo Ideapad Slim 3i (2021) Core i5 11th Gen - (8 GB/512 GB SSD/Windows 10 Home) IdeaPad 3 15ITL6 Thin and Light Laptop  (15.6 Inch, Arctic Grey, 1.65 KG, With MS Office)",4.2,"₹53,990",Ideapad Slim 3i (2021),Arctic Grey,Upto 7.5 Hours,Intel,Core i5,Yes,512 GB,8 GB,DDR4,No,39.62 cm (15.6 Inch)
"Lenovo Ideapad Slim3 Core i3 11th Gen - (8 GB/256 GB SSD/Windows 10 Home) 14 ITL 6 Thin and Light Laptop  (14 Inch, Arctic Grey, 1.41 KG, With MS Office)",4.3,"₹41,990",Ideapad Slim3,Arctic Grey,Up to 7.5 Hours,Intel,Core i3,Yes,256 GB,8 GB,DDR4,No,35.56 cm (14 Inch)
"Lenovo IdeaPad Core i3 10th Gen - (8 GB/256 GB SSD/Windows 10 Home) 14 IML 05 Thin and Light Laptop  (14 Inch, Platinum Grey, 1.5 KG, With MS Office)",4.2,"₹35,990",IdeaPad,Platinum Grey,Upto 11.5 Hours,Intel,Core i3,Yes,256 GB,8 GB,DDR4,No,35.56 cm (14 Inch)
"HP Pavilion Core i5 11th Gen - (16 GB/512 GB SSD/Windows 10 Home/2 GB Graphics) 14-dv0084TX Thin and Light Laptop  (14 inch, Natural Silver, 1.41 kg, With MS Office)",4.3,"₹70,990",Pavilion,Natural Silver,3 Cell Lithium-ion,GDDR5,2 GB,Core i5,11th Gen,Yes,512 GB,No,35.56 cm (14 inch)
"Lenovo Legion 5 Ryzen 7 Octa Core 5800H - (16 GB/512 GB SSD/Windows 10 Home/4 GB Graphics/NVIDIA GeForce RTX 3050 Ti) LEGION5 15ACH6 Gaming Laptop  (15.6 inch, Phantom Blue, 2.4 kg, With MS Office)",,"₹1,03,990",Legion 5,Phantom Blue,Upto 9.29 hours,GDDR6,4 GB,Ryzen 7 Octa Core,Yes,512 GB,16 GB,No,39.62 cm (15.6 inch)
"Lenovo IdeaPad 3 Core i3 10th Gen - (8 GB/1 TB HDD/Windows 10 Home) 15IML05 Thin and Light Laptop  (15.6 inch, Platinum Grey, 1.7 kg, With MS Office)",4.2,"₹36,990",IdeaPad 3,Platinum Grey,Upto 9 hours,Intel,Core i3,No,8 GB,DDR4,1 TB,No,39.62 cm (15.6 inch)
"Lenovo IdeaPad Gaming Core i5 10th Gen - (8 GB/1 TB HDD/Windows 10 Home/4 GB Graphics/NVIDIA GeForce GTX 1650/60 Hz) IdeaPad Gaming 3 15IMH05 Gaming Laptop  (15.6 Inch, Onyx Black, 2.2 KG)",4.5,"₹54,990",IdeaPad Gaming,Onyx Black,Upto 8 Hours,GDDR6,4 GB,Core i5,10th Gen,No,8 GB,No,39.62 cm (15.6 Inch)
"DELL Core i3 11th Gen - (8 GB/1 TB HDD/Windows 10) INSPIRON 3501 Thin and Light Laptop  (15.6 Inch, Accent Black, 1.83 Kg, With MS Office)",3.6,"₹43,990",INSPIRON 3501,Accent Black,Upto 7 hours,Intel,Core i3,No,8 GB,DDR4,1 TB,No,39.62 cm (15.6 Inch)
"Lenovo IdeaPad Core i3 11th Gen - (8 GB/256 GB SSD/DOS) 15ITL6 Thin and Light Laptop  (15.6 inch, Arctic Grey, 1.65 Kg)",,"₹36,990",IdeaPad,Arctic Grey,Upto 6 Hours,Intel,Core i3,Yes,256 GB,8 GB,DDR4,No,39.62 cm (15.6 inch)
"ASUS Vivobook 15 Core i3 10th Gen - (4 GB/1 TB HDD/Windows 10 Home) X509FA-BR301T Laptop  (15.6 inch, Transparent Silver, 1.9 kg)",4.4,"₹33,990",Vivobook 15,Vivobook 15,Everyday Use,Intel,Core i3,No,4 GB,DDR4,1 TB,No,39.62 cm (15.6 inch)
"Lenovo IdeaPad Ryzen 5 Hexa Core 5500U - (8 GB/512 GB SSD/Windows 10 Home) IdeaPad 5 15ALC05 Thin and Light Laptop  (15.6 inch, Graphite Grey, 1.66 kg, With MS Office)",,"₹55,990",IdeaPad,Graphite Grey,Upto 14 hours,AMD,Ryzen 5 Hexa Core,512 GB,8 GB,DDR4,5500U,No,39.62 cm (15.6 inch)
"HP 15s Core i3 10th Gen - (8 GB/1 TB HDD/Windows 10 Home) 15s-DU1066TU Thin and Light Laptop  (15.6 Inch, Jet Black, 1.76 KG, With MS Office)",4.2,"₹38,990",15s,Jet Black,Upto 12 Hours,Intel,Core i3,No,8 GB,DDR4,1 TB,No,39.62 cm (15.6 Inch)
"HP Core i3 11th Gen - (8 GB/256 GB SSD/Windows 10 Home) 15s-FQ2075TU Thin and Light Laptop  (15.6 inch, Jet Black, 1.69 Kg, With MS Office)",4.3,"₹41,490",Jet Black,Thin and Light Laptop,Yes,Intel,Core i3,Yes,256 GB,8 GB,DDR4,No,39.62 cm (15.6 inch)
"Lenovo Legion 5 Core i5 10th Gen - (8 GB/512 GB SSD/Windows 10 Home/4 GB Graphics/NVIDIA GeForce GTX 1650/120 Hz) 15IMH05 Gaming Laptop  (15.6 Inch, Phantom Black, 2.3 KG)",4.4,"₹65,990",Legion 5,Phantom Black,Up to 6 Hours,GDDR6,4 GB,Core i5,10th Gen,Yes,512 GB,No,39.62 cm (15.6 Inch)
"Lenovo IdeaPad Gaming Ryzen 5 Hexa Core 4600H - (8 GB/512 GB SSD/Windows 10 Home/4 GB Graphics/NVIDIA GeForce GTX 1650) 15ARH05 Gaming Laptop  (15.6 inch, Onyx Black, 2.2 kg)",5,"₹60,990",IdeaPad Gaming,Onyx Black,Upto 6.7 hours,GDDR6,4 GB,Ryzen 5 Hexa Core,Yes,512 GB,8 GB,No,39.62 cm (15.6 inch)
"Lenovo Legion 5 Core i7 10th Gen - (16 GB/512 GB SSD/Windows 10 Home/4 GB Graphics/NVIDIA GeForce GTX 1650/120 Hz) 15IMH05 Gaming Laptop  (15.6 Inch, Phantom Black, 2.3 KG)",4.6,"₹81,990",Legion 5,Phantom Black,Up to 6 Hours,GDDR6,4 GB,Core i7,10th Gen,Yes,512 GB,No,39.62 cm (15.6 Inch)
"Lenovo Core i3 10th Gen - (4 GB/1 TB HDD/DOS) V15 IIL Laptop  (15 inch, Iron Grey, 1.85 kg)",,"₹32,990",V15 IIL,Iron Grey,Upto 5.5 hours,Intel,Core i3,No,4 GB,DDR4,1 TB,No,38.1 cm (15 inch)
"Lenovo Ideapad Slim 5 Ryzen 7 Octa Core 5700U - (8 GB/512 GB SSD/Windows 10 Home) 14 ALC 05 Thin and Light Laptop  (14 Inch, Graphite Grey, 1.39 KG, With MS Office)",4.6,"₹61,990",Ideapad Slim 5,Graphite Grey,Upto 8.3 Hours,AMD,Ryzen 7 Octa Core,512 GB,8 GB,DDR4,5700U,No,35.56 cm (14 Inch)
"Lenovo Ideapad Gaming 3 Ryzen 5 Hexa Core 4600H - (8 GB/1 TB HDD/Windows 10 Home/4 GB Graphics/NVIDIA GeForce GTX 1650/60 Hz) IdeaPad Gaming 3 15ARH05 Gaming Laptop  (15.6 Inch, Onyx Black, 2.2 KG)",4.3,"₹54,990",Ideapad Gaming 3,Onyx Black,Upto 6.7 Hours,GDDR6,4 GB,Ryzen 5 Hexa Core,No,8 GB,DDR4,No,39.62 cm (15.6 Inch)
"Lenovo Core i3 11th Gen - (4 GB/1 TB HDD/DOS) V15 ITL G2 Thin and Light Laptop  (15 inch, Black, 1.7 kg)",3.6,"₹33,990",V15 ITL Gen 2,Black,Upto 5.5 hours,Intel,Core i3,No,4 GB,DDR4,1 TB,No,38.1 cm (15 inch)
"Lenovo IdeaPad 3 Core i5 10th Gen - (8 GB/512 GB SSD/Windows 10 Home) 15IML05 Thin and Light Laptop  (15.6 Inch, Platinum Grey, 1.7 kg, With MS Office)",4.6,"₹50,990",15IML05,IdeaPad 3,Processing & Multitasking,Intel,Core i5,Yes,512 GB,8 GB,DDR4,No,39.62 cm (15.6 Inch)
"ASUS VivoBook 14 Core i5 8th Gen - (8 GB/512 GB SSD/Windows 10 Home) X412FA-EK296T Thin and Light Laptop  (14 inch, Orange, Black, 1.5 kg)",4.6,"₹49,990",VivoBook 14,"Orange, Black",45 W AC Adapter,Intel,Core i5,Yes,512 GB,8 GB,DDR4,No,35.56 cm (14 inch)
"acer Swift 3 Core i5 10th Gen - (8 GB/512 GB SSD/Windows 10 Home/2 GB Graphics) SF314-57G-59RE Thin and Light Laptop  (14 inch, Steel Grey, 1.19 kg)",4.4,"₹56,990",Swift 3,Steel Grey,Upto 11 hours,GDDR5,2 GB,Core i5,10th Gen,Yes,512 GB,No,35.56 cm (14 inch)
"Lenovo IdeaPad Gaming Core i7 10th Gen - (8 GB/512 GB SSD/Windows 10 Home/4 GB Graphics/NVIDIA GeForce GTX 1650/120 Hz) IdeaPad Gaming 3 15IMH05 Gaming Laptop  (15.6 Inch, Onyx Black, 2.2 KG)",4.6,"₹73,990",IdeaPad Gaming,Onyx Black,Upto 8 Hours,GDDR6,4 GB,Core i7,10th Gen,Yes,512 GB,No,39.62 cm (15.6 Inch)
"HP 15s Core i3 11th Gen - (8 GB/1 TB HDD/Windows 10 Home) 15s-dy3001TU Thin and Light Laptop  (15.6 inch, Jet Black, 1.77 Kg, With MS Office)",4.1,"₹40,000",15s,Jet Black,Upto 12 hours,Intel,Core i3,No,8 GB,DDR4,1 TB,No,39.62 cm (15.6 inch)
"HP Pavilion Aero Ryzen 5 Hexa Core 5600U - (16 GB/512 GB SSD/Windows 10 Home) 13-BE0030AU Thin and Light Laptop  (13.3 inch, Natural Silver, 0.97 kg, With MS Office)",4.8,"₹69,990",13-BE0030AU,Pavilion Aero,Processing & Multitasking,AMD,Ryzen 5 Hexa Core,512 GB,16 GB,DDR4,5600U,No,33.78 cm (13.3 inch)
"Lenovo IdeaPad Gaming 3 Core i5 10th Gen - (8 GB/1 TB HDD/256 GB SSD/Windows 10 Home/4 GB Graphics/NVIDIA GeForce GTX 1650/120 Hz) 15IMH05 Gaming Laptop  (15.6 inch, Onyx Black, 2.2 kg)",4.2,"₹59,990",IdeaPad Gaming 3,Onyx Black,Upto 8 hours,GDDR6,4 GB,Core i5,10th Gen,Yes,256 GB,No,39.62 cm (15.6 inch)
"Lenovo Core i5 11th Gen - (16 GB/512 GB SSD/Windows 10 Home) E15 Laptop  (15.6 Inch, Black, 1.7 kg, With MS Office)",,"₹78,990",ThinkPad E15,Black,Upto 10.8 hours,Intel,Core i5,Yes,512 GB,16 GB,DDR4,No,39.62 cm (15.6 Inch)
"HP 15s Core i3 11th Gen - (8 GB/1 TB HDD/Windows 10 Home) 15s-du3038TU Thin and Light Laptop  (15.6 inch, Natural Silver, 1.77 kg, With MS Office)",4.1,"₹42,490",15s,Natural Silver,Upto 12 hours,Intel,Core i3,No,8 GB,DDR4,1 TB,No,39.62 cm (15.6 inch)
"HP Pavilion Ryzen 7 Octa Core 5700U - (16 GB/512 GB SSD/Windows 10 Home/2 GB Graphics) 14-EC0007AX Thin and Light Laptop  (14 inch, Natural Silver, 1.41 kg, With MS Office)",5,"₹80,990",14-EC0007AX,Pavilion,Processing & Multitasking,GDDR5,2 GB,Ryzen 7 Octa Core,Yes,512 GB,16 GB,No,35.56 cm (14 inch)
"Lenovo Athlon Dual Core 3150U - (4 GB/1 TB HDD/DOS) V15-ADA Laptop  (15.6 inch, Iron Grey, 1.85 kg)",,"₹24,990",V15-ADA,Iron Grey,Upto 5 hours,AMD,Athlon Dual Core,4 GB,DDR4,1 TB,3150U,No,39.62 cm (15.6 inch)
"Lenovo IdeaPad 3 Core i5 10th Gen - (8 GB/512 GB SSD/Windows 10 Home/2 GB Graphics) 15IML05 Thin and Light Laptop  (15.6 Inch, Platinum Grey, 1.7 kg, With MS Office)",,"₹54,990",15IML05,IdeaPad 3,Processing & Multitasking,GDDR5,2 GB,Core i5,10th Gen,Yes,512 GB,No,39.62 cm (15.6 Inch)
"Lenovo IdeaPad Core i5 11th Gen - (8 GB/512 GB SSD/Windows 10 Home) 15 ITL 6 Thin and Light Laptop  (15.6 Inch, Arctic Grey, 1.65 KG, With MS Office)",3.8,"₹58,990",IdeaPad,Arctic Grey,Upto 7.5 Hours,Intel,Core i5,Yes,512 GB,8 GB,DDR4,No,39.62 cm (15.6 Inch)
"Lenovo Ideapad Slim 5i Core i5 11th Gen - (8 GB/512 GB SSD/Windows 10 Home) 14ITL05U2a Thin and Light Laptop  (14 inch, Graphite Grey, 1.39 kg, With MS Office)",4.5,"₹59,990",Ideapad Slim 5i,Graphite Grey,Upto 11 hours,Intel,Core i5,Yes,512 GB,8 GB,DDR4,No,35.56 cm (14 inch)
"Lenovo IdeaPad Slim 3 Core i3 11th Gen - (8 GB/512 GB SSD/Windows 10 Home) 14ITL6 Thin and Light Laptop  (14 inch, Arctic Grey, 1.41 kg, With MS Office)",4.4,"₹45,990",IdeaPad Slim 3,Arctic Grey,Upto 7.5 hours,Intel,Core i3,Yes,512 GB,8 GB,DDR4,No,35.56 cm (14 inch)
"Lenovo Core i5 11th Gen - (8 GB/512 GB SSD/Windows 10 Home/2 GB Graphics) E15 Laptop  (15.6 Inch, Black, 1.7 kg, With MS Office)",,"₹74,990",ThinkPad E15,Black,Upto 10.8 hours,GDDR5,2 GB,Core i5,11th Gen,Yes,512 GB,No,39.62 cm (15.6 Inch)
"Lenovo Ideapad Slim 3i Core i5 10th Gen - (8 GB/512 GB SSD/Windows 10 Home) 15IIL05 Thin and Light Laptop  (15.6 inch, Platinum Grey, 1.85 kg, With MS Office)",4.2,"₹50,990",Ideapad Slim 3i,Platinum Grey,Upto 5 hours,Intel,Core i5,Yes,512 GB,8 GB,DDR4,No,39.62 cm (15.6 inch)
"APPLE MacBook Pro with Touch Bar Core i5 10th Gen - (16 GB/512 GB SSD/Mac OS Catalina) MWP42HN/A  (13 inch, Space Grey, 1.4 kg)",4.7,"₹1,58,990",MacBook Pro with Touch Bar,Space Grey,Upto 10 hours,Intel,Core i5,Yes,512 GB,16 GB,LPDDR4X,No,33.02 cm (13 inch)
"Lenovo IdeaPad 3 Ryzen 3 Dual Core 3250U - (8 GB/256 GB SSD/Windows 10 Home) 15ADA05 Thin and Light Laptop  (15.6 inch, Platinum Grey, 1.85 kg, With MS Office)",,"₹36,990",IdeaPad 3,Platinum Grey,Upto 13 hours,AMD,Ryzen 3 Dual Core,256 GB,8 GB,DDR4,3250U,No,39.62 cm (15.6 inch)
"HP 15s Ryzen 5 Hexa Core 4500U - (8 GB/256 GB SSD/Windows 10 Home) 15s-ey1004AU Thin and Light Laptop  (15.6 inch, Natural Silver, 1.69 KG, With MS Office)",4.7,"₹44,990",15s,Natural Silver,3,AMD,Ryzen 5 Hexa Core,256 GB,8 GB,DDR4,4500U,No,39.62 cm (15.6 inch)
"Lenovo Thinkbook Core i3 11th Gen - (8 GB/512 GB SSD/Windows 10 Home) TB15 ITL G2 Thin and Light Laptop  (15 inch, Mineral Grey, 1.7 kg)",,"₹47,990",ThinkBook 15,Thinkbook,Processing & Multitasking,Intel,Core i3,Yes,512 GB,8 GB,DDR4,No,38.1 cm (15 inch)
"Lenovo APU Dual Core A9 A99425 - (4 GB/1 TB HDD/Windows 10) E41-45 Notebook  (14 inch, Black, 2.2 Kg)",4.1,"₹28,000",Black,Notebook,45W AC Adapter,AMD,APU Dual Core A9,4 GB,DDR4,1 TB,A99425,No,35.56 cm (14 inch)
"Lenovo Core i3 11th Gen - (4 GB/1 TB HDD/DOS) V15 ITL G2 Thin and Light Laptop  (15 inch, Iron Grey, 1.7 kg)",1.5,"₹34,290",V15 ITL Gen 2,Iron Grey,Upto 5.5 hours,Intel,Core i3,No,4 GB,DDR4,1 TB,No,38.1 cm (15 inch)
"APPLE MacBook Pro with Touch Bar Core i5 10th Gen - (16 GB/1 TB SSD/Mac OS Catalina) MWP52HN/A  (13 inch, Space Grey, 1.4 kg)",4.8,"₹1,74,990",MacBook Pro with Touch Bar,Space Grey,Upto 10 hours,Intel,Core i5,Yes,1 TB,16 GB,LPDDR4X,No,33.02 cm (13 inch)
"LG Gram 14 Core i5 10th Gen - (8 GB/256 GB SSD/Windows 10 Home) Gram 14Z90N Laptop  (14 inch, Dark Silver, 0.999 g)",4.6,"₹62,990",Gram 14,Dark Silver,Upto 18.5 hours,Intel,Core i5,Yes,256 GB,8 GB,DDR4,No,35.56 cm (14 inch)
"HP Pavilion Ryzen 5 Hexa Core 5500U - (16 GB/512 GB SSD/Windows 10 Home/2 GB Graphics) 14-ec0000AX Thin and Light Laptop  (14 inch, Natural Silver, 1.41 kg, With MS Office)",,"₹66,990",14-ec0000AX,Pavilion,Processing & Multitasking,GDDR5,2 GB,Ryzen 5 Hexa Core,Yes,512 GB,16 GB,No,35.56 cm (14 inch)
"Lenovo ThinkPad E15 Core i5 11th Gen - (8 GB/512 GB SSD/Windows 10 Home) E15 Thin and Light Laptop  (15.6 Inch, Black, 1.7 kg, With MS Office)",4.7,"₹72,990",ThinkPad E15,ThinkPad E15,Processing & Multitasking,Intel,Core i5,Yes,512 GB,8 GB,DDR4,No,39.62 cm (15.6 Inch)
"ASUS Pro P5 Core i5 8th Gen - (8 GB/1 TB HDD/Windows 10 Pro) Pro P5 P5440FA Thin and Light Laptop  (14 inch, Grey, 1.22 kg)",,"₹81,990",P5440FA-5810P,Pro P5,Processing & Multitasking,Intel,Core i5,No,8 GB,DDR4,1 TB,No,35.56 cm (14 inch)
"Lenovo Core i3 11th Gen - (4 GB/256 GB SSD/Windows 10 Home) V15 ITL G2 Thin and Light Laptop  (15 inch, Black, 1.7 kg)",4.4,"₹36,990",V15 ITL Gen 2,Black,Upto 5.5 hours,Intel,Core i3,Yes,256 GB,4 GB,DDR4,No,38.1 cm (15 inch)
"ASUS ExpertBook P2 Core i5 10th Gen - (8 GB/512 GB SSD/DOS/2 GB Graphics) ExpertBook P2 P2451FB Thin and Light Laptop  (14 inch, Star Black, 1.60 kg)",,"₹69,990",P2451FB-EK0063,ExpertBook P2,Processing & Multitasking,GDDR5,2 GB,Core i5,10th Gen,Yes,512 GB,No,35.56 cm (14 inch)
"Lenovo IdeaPad 3 Core i3 10th Gen - (8 GB/256 GB SSD/Windows 10 Home) 15IIL05 Laptop  (15.6 inch, Platinum Grey, 1.85 kg, With MS Office)",,"₹35,490",15IIL05,IdeaPad 3,Processing & Multitasking,Intel,Core i3,Yes,256 GB,8 GB,DDR4,No,39.62 cm (15.6 inch)
"APPLE MacBook Pro with Touch Bar Core i5 10th Gen - (16 GB/1 TB SSD/Mac OS Catalina) MWP82HN/A  (13 inch, Silver, 1.4 kg)",4.8,"₹1,74,990",MacBook Pro with Touch Bar,Silver,Upto 10 hours,Intel,Core i5,Yes,1 TB,16 GB,LPDDR4X,No,33.02 cm (13 inch)
"Lenovo IdeaPad 1 Celeron Dual Core 4th Gen - (4 GB/256 GB SSD/Windows 10 Home) 11IGL05 Thin and Light Laptop  (11.6 inch, Platinum Grey, 1.2 kg, With MS Office)",,"₹25,990",11IGL05,IdeaPad 1,Processing & Multitasking,Intel,Celeron Dual Core,Yes,256 GB,4 GB,DDR4,No,29.46 cm (11.6 inch)
"acer Swift 3 Core i5 8th Gen - (8 GB/256 GB SSD/Windows 10 Home) SF313-51-506P Thin and Light Laptop  (13.3 inch, Sparkly Silver, 1.3 kg)",3.5,"₹45,990",Swift 3,Sparkly Silver,Upto 13 hours,Intel,Core i5,Yes,256 GB,8 GB,DDR4,No,33.78 cm (13.3 inch)
"Lenovo Ideapad Gaming 3 Ryzen 5 Hexa Core 4600H - (8 GB/1 TB HDD/256 GB SSD/Windows 10 Home/4 GB Graphics/NVIDIA GeForce GTX 1650/120 Hz) 15ARH05 Gaming Laptop  (15.6 inch, Onyx Black, 2.2 kg)",4.5,"₹61,990",Ideapad Gaming 3,Onyx Black,Upto 6.7 hours,GDDR6,4 GB,Ryzen 5 Hexa Core,Yes,256 GB,8 GB,No,39.62 cm (15.6 inch)
"Lenovo Legion 5 Ryzen 5 Hexa Core 4600H - (8 GB/1 TB HDD/256 GB SSD/Windows 10 Home/4 GB Graphics/NVIDIA GeForce GTX 1650) 15ARH05 Gaming Laptop  (15.6 inch, Phantom Black, 2.3 kg)",4.8,"₹65,990",Legion 5,Phantom Black,Upto 7.1 hours,GDDR6,4 GB,Ryzen 5 Hexa Core,Yes,256 GB,8 GB,No,39.62 cm (15.6 inch)
"HP Pavilion Ryzen 5 Hexa Core 5500U - (8 GB/512 GB SSD/Windows 10 Home) 14-ec0035AU Thin and Light Laptop  (14 inch, Natural Silver, 1.41 Kg, With MS Office)",4.7,"₹58,990",Pavilion,Natural Silver,3 Cell,AMD,Ryzen 5 Hexa Core,512 GB,8 GB,DDR4,5500U,No,35.56 cm (14 inch)
"APPLE MacBook Pro with Touch Bar Core i5 10th Gen - (16 GB/512 GB SSD/Mac OS Catalina) MWP72HN/A  (13 inch, Silver, 1.4 kg)",4.5,"₹1,59,990",MacBook Pro with Touch Bar,Silver,Upto 10 hours,Intel,Core i5,Yes,512 GB,16 GB,LPDDR4X,No,33.02 cm (13 inch)
"ASUS Chromebook Celeron Dual Core - (4 GB/64 GB EMMC Storage/Chrome OS) C423NA-BV0523 Thin and Light Laptop  (14 inch, Silver, 1.20 Kg)",4.1,"₹20,990",Chromebook,Silver,45W AC Adapter,Intel,Celeron Dual Core,4 GB,LPDDR4,64 GB,N3350,No,35.56 cm (14 inch)
"Nokia PureBook S14 Core i5 11th Gen - (16 GB/512 GB SSD/Windows 11 Home) NKi511TL165S Thin and Light Laptop  (14.1 inch, Black, 1.4 KG)",,"₹58,990",PureBook S14,Black,Up to 6 hours,Intel,Core i5,Yes,512 GB,16 GB,DDR4,No,35.81 cm (14.1 inch)
"ASUS Chromebook Celeron Dual Core - (4 GB/64 GB EMMC Storage/Chrome OS) C523NA-BR0300| C523NA-BR0476 Thin and Light Laptop  (15.6 inch, Silver, 1.43 Kg)",4,"₹21,499",Chromebook,Silver,45W AC Adapter,Intel,Celeron Dual Core,4 GB,LPDDR4,64 GB,N3350,No,39.62 cm (15.6 inch)
"ASUS Chromebook Flip Celeron Dual Core - (4 GB/64 GB EMMC Storage/Chrome OS) C214MA-BU0452 2 in 1 Laptop  (11.6 inch, Dark Grey, 1.20 Kg)",4.1,"₹21,990",Chromebook Flip,Dark Grey,45W AC Adapter,Intel,Celeron Dual Core,4 GB,LPDDR4,64 GB,N4020,Yes,29.46 cm (11.6 inch)
"Lenovo IdeaPad 3 Celeron Dual Core 4th Gen - (4 GB/256 GB SSD/Windows 10 Home) 14IGL05 Thin and Light Laptop  (14 inch, Platinum Grey, 1.5 kg, With MS Office)",,"₹29,990",14IGL05,IdeaPad 3,Processing & Multitasking,Intel,Celeron Dual Core,Yes,256 GB,4 GB,DDR4,No,35.56 cm (14 inch)
"Lenovo Yoga Slim 7 Core i5 11th Gen - (16 GB/512 GB SSD/Windows 10 Home) 14ITL05 Thin and Light Laptop  (14 inch, Slate Grey, 1.36 kg, With MS Office)",,"₹84,990",Yoga Slim 7,Slate Grey,Upto 14 hours,Intel,Core i5,Yes,512 GB,16 GB,DDR4,Yes,35.56 cm (14 inch)
"ASUS Chromebook Celeron Dual Core - (4 GB/64 GB EMMC Storage/Chrome OS) C423NA-EC0521 Thin and Light Laptop  (14 inch, Silver, 1.34 Kg)",,"₹24,490",Chromebook,Silver,45W AC Adapter,Intel,Celeron Dual Core,4 GB,LPDDR4,64 GB,N3350,Yes,35.56 cm (14 inch)
"Lenovo ThinkPad E15 Core i5 11th Gen - (8 GB/512 GB SSD/Windows 10 Home) E15 Thin and Light Laptop  (15.6 Inch, Black, 1.7 kg, With MS Office)",4.6,"₹73,990",ThinkPad E15,ThinkPad E15,Processing & Multitasking,Intel,Core i5,Yes,512 GB,8 GB,DDR4,No,39.62 cm (15.6 Inch)
"Lenovo Ideapad Slim 5i Core i5 11th Gen - (8 GB/1 TB HDD/256 GB SSD/Windows 10 Home) 15 ITL 05 Thin and Light Laptop  (15.6 inch, Graphite Grey, 1.66 Kg, With MS Office)",4.1,"₹60,990",Ideapad Slim 5i,Graphite Grey,Upto 11 Hours,Intel,Core i5,Yes,256 GB,8 GB,DDR4,No,39.62 cm (15.6 inch)
"Lenovo IdeaPad 5 Core i5 11th Gen - (16 GB/512 GB SSD/Windows 11 Home) 14ITL05 Thin and Light Laptop  (14 inch, Graphite Grey, With MS Office)",,"₹62,990",14ITL05,IdeaPad 5,Processing & Multitasking,Intel,Core i5,Yes,512 GB,16 GB,DDR4,"11ax, 2x2",v5.1
"acer Spin 3 Core i3 10th Gen - (8 GB/256 GB SSD/Windows 10 Home) SP314-54N-33X8 2 in 1 Laptop  (14 inch, Silver, 1.5 kg)",,"₹54,999",Spin 3,Silver,Upto 16 Hours,Intel,Core i3,Yes,256 GB,8 GB,DDR4,Yes,35.56 cm (14 inch)
"Lenovo Yoga Core i7 10th Gen - (16 GB/1 TB SSD/Windows 10 Home) Yoga S940-14IIL Thin and Light Laptop  (14 inch, Grey, Black, 1.25 kg)",2.5,"₹1,19,990",Yoga,"Grey, Black",Upto 16 hours,Intel,Core i7,Yes,1 TB,16 GB,LPDDR4X,No,35.56 cm (14 inch)
"HP 15s Core i3 10th Gen - (8 GB/1 TB HDD/256 GB SSD/Windows 10 Home) 15s-du1064TU Laptop  (15.6 inch, Jet Black, 1.82 KG, With MS Office)",4.3,"₹44,490",15s,Jet Black,3,Intel,Core i3,Yes,256 GB,8 GB,DDR4,No,39.62 cm (15.6 inch)
"LG Gram 15 Core i5 10th Gen - (8 GB/256 GB SSD/Windows 10 Home) Gram 15Z90N Laptop  (15.6 inch, Dark Silver, 1.12 g)",4.4,"₹72,990",Gram 15,Dark Silver,Upto 18.5 hours,Intel,Core i5,Yes,256 GB,8 GB,DDR4,No,39.62 cm (15.6 inch)
"HP 14s Core i3 11th Gen - (8 GB/256 GB SSD/Windows 10 Home) 14s-dy2500TU Thin and Light Laptop  (14 inch, Jet Black, 1.46 kg, With MS Office)",4.2,"₹41,490",14s,Jet Black,Upto 12 Hours,Intel,Core i3,Yes,256 GB,8 GB,DDR4,No,35.56 cm (14 inch)
"HP 14s Core i5 10th Gen - (8 GB/512 GB SSD/Windows 10 Home) 14s- ER0503TU Thin and Light Laptop  (14 Inch, Natural Silver, 1.49 KG, With MS Office)",,"₹64,990",14s,Natural Silver,3 Cell,Intel,Core i5,Yes,512 GB,8 GB,DDR4,No,35.56 cm (14 Inch)
"HP Envy 13 x360 Ryzen 5 Hexa Core 4500U - (16 GB/512 GB SSD/Windows 11 Home) 13-ay0533AU Thin and Light Laptop  (13.3 inch, Nightfall Black, 1.32 kg, With MS Office)",,"₹79,990",13-ay0533AU,Envy 13 x360,Processing & Multitasking,AMD,Ryzen 5 Hexa Core,512 GB,16 GB,DDR4,4500U,Yes,33.78 cm (13.3 inch)
"ASUS ExpertBook P1 Core i5 10th Gen - (8 GB/1 TB HDD/Windows 10 Pro) ExpertBook P1 P1440FA Thin and Light Laptop  (14 inch, Black, 1.68 kg)",,"₹62,699",P1440FA-FQ2351R,ExpertBook P1,Processing & Multitasking,Intel,Core i5,No,8 GB,DDR4,1 TB,No,35.56 cm (14 inch)
"HP Spectre x360 Core i7 11th Gen - (16 GB/1 TB SSD/Windows 10 Home) 13-aw2002TU 2 in 1 Laptop  (13.3 inch, Poseidon Blue, 1.27 kg, With MS Office)",,"₹1,49,999",Spectre x360,Poseidon Blue,4 cell,Intel,Core i7,Yes,1 TB,16 GB,LPDDR4X,Yes,33.78 cm (13.3 inch)
"Lenovo Legion Y540 Core i5 9th Gen - (8 GB/512 GB SSD/Windows 10 Home/4 GB Graphics) Y540-15IRH-PG0 Thin and Light Laptop  (15.6 inch, Raven Black)",4.4,"₹57,990",Legion Y540,Raven Black,Upto 10 Hours,GDDR5,4 GB,Core i5,9th Gen,Yes,512 GB,No,39.62 cm (15.6 inch)
"ASUS ExpertBook P2 Core i5 10th Gen - (8 GB/1 TB HDD/DOS/2 GB Graphics) ExpertBook P2 P2451FB Thin and Light Laptop  (14 inch, Star Black, 1.60 kg)",,"₹69,290",P2451FB-EK0058,ExpertBook P2,Processing & Multitasking,GDDR5,2 GB,Core i5,10th Gen,No,8 GB,No,35.56 cm (14 inch)
"acer Swift 5 Core i5 8th Gen - (8 GB/256 GB SSD/Windows 10 Home) SF514-52T Thin and Light Laptop  (14 inch, Honey Gold, 0.97 kg, With MS Office)",4,"₹81,998",Swift 5,Honey Gold,Upto 8 hours,Intel,Core i5,Yes,256 GB,8 GB,DDR3,Yes,35.56 cm (14 inch)
"Lenovo Ryzen 3 Dual Core 3250U - (4 GB/1 TB HDD/Windows 10 Home) V15 -ADA Laptop  (15.6 inch, Iron Grey, 1.85 kg)",,"₹35,490",V15-ADA,Iron Grey,Upto 5 hours,AMD,Ryzen 3 Dual Core,4 GB,DDR4,1 TB,3250U,No,39.62 cm (15.6 inch)
"Lenovo Ideapad S540 Core i7 11th Gen - (16 GB/512 GB SSD/Windows 10 Home) S540-13ITL Thin and Light Laptop  (13.3 inch, Iron Grey, 1.28 kg, With MS Office)",4.4,"₹76,990",Ideapad S540,Iron Grey,Upto 16 hours,Intel,Core i7,Yes,512 GB,16 GB,DDR4,No,33.78 cm (13.3 inch)
"ASUS ExpertBook B9 Core i7 10th Gen - (16 GB/1 TB SSD/Windows 10 Home) ExpertBook B9 B9450FA Thin and Light Laptop  (14 inch, Star Black, 0.995 kg)",5,"₹1,54,990",B9450FA-BM0695T,ExpertBook B9,Processing & Multitasking,Intel,Core i7,Yes,1 TB,16 GB,LPDDR3,No,35.56 cm (14 inch)
"Lenovo Legion 5 Pro Ryzen 7 Octa Core 5800H - (16 GB/1 TB SSD/Windows 10 Home/6 GB Graphics/NVIDIA GeForce RTX 3060/165 Hz) 16ACH6H Gaming Laptop  (16 inches, Storm Grey, 2.45 kg, With MS Office)",4.7,"₹1,42,990",Legion 5 Pro,Storm Grey,4.2 hour,GDDR6,6 GB,Ryzen 7 Octa Core,Yes,1 TB,16 GB,No,40.64 cm (16 inches)
"ASUS ExpertBook B9 Core i7 10th Gen - (16 GB/1 TB SSD/Windows 10 Pro) ExpertBook B9 B9450FA Thin and Light Laptop  (14 inch, Star Black, 0.995 kg)",,"₹1,67,990",B9450FA-BM0336R,ExpertBook B9,Processing & Multitasking,Intel,Core i7,Yes,1 TB,16 GB,LPDDR3,No,35.56 cm (14 inch)
"Lenovo IdeaPad Gaming 3 Core i5 11th Gen - (8 GB/512 GB SSD/Windows 10 Home/4 GB Graphics/NVIDIA GeForce GTX 1650) 15IHU6 Gaming Laptop  (15.6 inch, Shadow Black, 2.25 kg, With MS Office)",,"₹67,990",15IHU6,IdeaPad Gaming 3,Gaming,GDDR6,4 GB,Core i5,11th Gen,Yes,512 GB,No,39.62 cm (15.6 inch)
"acer Aspire 5 Core i5 8th Gen - (8 GB/1 TB HDD/Windows 10 Home/2 GB Graphics) A515-52G Thin and Light Laptop  (15.6 inch, Pure Silver, 1.8 kg)",4.1,"₹61,990",Aspire 5,Pure Silver,Upto 8 hours,GDDR5,2 GB,Core i5,8th Gen,No,8 GB,No,39.62 cm (15.6 inch)
"Lenovo Lenovo Legion 5 Ryzen 7 Octa Core 5800H - (16 GB/512 GB SSD/Windows 10 Home/4 GB Graphics/NVIDIA GeForce RTX 3050) 15ACH6 Gaming Laptop  (15.6 inch, Phantom Blue, Shadow Black, 2.4 kg, With MS Office)",,"₹99,990",Lenovo Legion 5,"Phantom Blue, Shadow Black",Upto 9.29 hours,GDDR6,4 GB,Ryzen 7 Octa Core,Yes,512 GB,16 GB,No,39.62 cm (15.6 inch)
"DELL Core i5 5th Gen - (8 GB/1 TB HDD/Windows 10 Home/4 GB Graphics) 7548 Laptop  (15.6 inch, Silver, 2.06 kg)",1.6,"₹69,500",Inspiron,Silver,3 cell,DDR3,4 GB,Core i5,5th Gen,No,8 GB,Yes,39.62 cm (15.6 inch)
"Lenovo ThinkPad E15 Core i7 11th Gen - (16 GB/512 GB SSD/Windows 10 Home/2 GB Graphics) E15 Laptop  (15.6 Inch, Black, 1.7 kg, With MS Office)",4,"₹99,990",ThinkPad E15,ThinkPad E15,Processing & Multitasking,GDDR5,2 GB,Core i7,11th Gen,Yes,512 GB,No,39.62 cm (15.6 Inch)
"HP Spectre x360 Core i7 10th Gen - (16 GB/512 GB SSD/Windows 10 Pro) 13-aw0205tu 2 in 1 Laptop  (13.3 inch, Nightfall Black, 1.27 kg)",3.3,"₹1,62,990",Spectre x360,Nightfall Black,65 W AC Adapter,Intel,Core i7,Yes,512 GB,16 GB,DDR4,Yes,33.78 cm (13.3 inch)
"Lenovo ThinkPad Core i5 10th Gen - (8 GB/512 GB HDD/512 GB SSD/Windows 10 Pro) T14 Thin and Light Laptop  (14 Inch, Black, 1.55 KG)",,"₹1,25,124",ThinkPad T14,ThinkPad,Processing & Multitasking,Intel,Core i5,Yes,512 GB,8 GB,DDR4,Yes,35.56 cm (14 Inch)
"HP Pavilion 13 Core i5 8th Gen - (8 GB/256 GB SSD/Windows 10 Home) 13-an0046tu Thin and Light Laptop  (13.3 inch, Mineral Silver, 1.3 kg)",,"₹73,990",Pavilion 13,Mineral Silver,45 W AC Adapter,Intel,Core i5,Yes,256 GB,8 GB,DDR4,No,33.78 cm (13.3 inch)
"acer Aspire 5 Core i5 8th Gen - (8 GB + 16 GB Optane/1 TB HDD/Windows 10 Home/2 GB Graphics) A515-52G-580Q Thin and Light Laptop  (15.6 inch, Silver, 1.8 kg, With MS Office)",4.1,"₹61,990",Aspire 5,Silver,Upto 8 hours,GDDR5,2 GB,Core i5,8th Gen,No,8 GB,No,39.62 cm (15.6 inch)
"HP 15 Core i7 8th Gen - (8 GB/1 TB HDD/128 GB SSD/Windows 10 Home/4 GB Graphics) 15-dc0082TX Laptop  (15.6 inch, Shadow Black, 2.38 kg)",,"₹1,16,941",15,Shadow Black,3 cell,GDDR5,4 GB,Core i7,8th Gen,Yes,128 GB,No,39.62 cm (15.6 inch)
"HP Core i3 11th Gen - (8 GB/256 GB SSD/Windows 10 Home) 14s-DQ2100TU Thin and Light Laptop  (14 inch, Jet Black, 1.46 kg, With MS Office)",4.2,"₹40,000",Jet Black,Thin and Light Laptop,3 cell,Intel,Core i3,Yes,256 GB,8 GB,DDR4,No,35.56 cm (14 inch)
"APPLE MacBook Pro Core i5 8th Gen - (8 GB/512 GB SSD/Mac OS Mojave) MV972HN/A  (13.3 inch, Space Grey, 1.37 kg)",4.3,"₹1,59,990",MacBook Pro,Space Grey,Upto 10 hours,Intel,Core i5,Yes,512 GB,8 GB,DDR3,No,33.78 cm (13.3 inch)
"Nexstgo Core i5 8th Gen - (16 GB/512 GB SSD/Windows 10 Pro) NX101 Thin and Light Laptop  (14 inch, Grey, 1.35 kg)",,"₹97,990",Grey,Thin and Light Laptop,3 cell,Intel,Core i5,Yes,512 GB,16 GB,DDR4,No,35.56 cm (14 inch)
"HP Spectre x360 Core i5 8th Gen - (8 GB/256 GB SSD/Windows 10 Pro) 13-ap0121TU 2 in 1 Laptop  (13.3 inch, Poseidon Blue, 1.32 kg, With MS Office)",,"₹1,51,133",Spectre x360,Poseidon Blue,4 cell,Intel,Core i5,Yes,256 GB,8 GB,DDR4,Yes,33.78 cm (13.3 inch)
"Lenovo Yoga 6 Ryzen 5 Hexa Core 5500U - (16 GB/512 GB SSD/Windows 10 Home) 13ALC6 Thin and Light Laptop  (13.3 inch, Abyss Blue, 1.31 kg, With MS Office)",,"₹80,990",13ALC6,Yoga 6,Processing & Multitasking,AMD,Ryzen 5 Hexa Core,512 GB,16 GB,DDR4,5500U,Yes,33.78 cm (13.3 inch)
"Lenovo Ideapad Slim 3i (2021) Core i5 11th Gen - (8 GB/512 GB SSD/Windows 10 Home) 14 ITL 6 Thin and Light Laptop  (14 Inch, Arctic Grey, 1.41 KG, With MS Office)",4.5,"₹56,990",Ideapad Slim 3i (2021),Arctic Grey,Upto 7.5 Hours,Intel,Core i5,Yes,512 GB,8 GB,DDR4,No,35.56 cm (14 Inch)
"Lenovo Thinkpad Ryzen 5 Hexa Core 5600U - (8 GB/512 GB SSD/DOS) E14 AMD Gen3 Thin and Light Laptop  (14 inch, Black, 1.69 kg)",,"₹62,490",E14 AMD Gen 3,Thinkpad,Processing & Multitasking,AMD,Ryzen 5 Hexa Core,512 GB,8 GB,DDR4,5600U,No,35.56 cm (14 inch)
"HP Spectre x360 Core i5 10th Gen - (8 GB/512 GB SSD/Windows 10 Pro) 13-aw0211TU 2 in 1 Laptop  (13.3 inch, Poseidon Blue, 1.27 kg)",5,"₹1,27,990",Spectre x360,Poseidon Blue,65 W AC Adapter,Intel,Core i5,Yes,512 GB,8 GB,DDR4,Yes,33.78 cm (13.3 inch)
"HP 15 Core i7 8th Gen - (16 GB/1 TB HDD/128 GB SSD/Windows 10 Home/4 GB Graphics) 15-dc0084TX Laptop  (15.6 inch, Shadow Black, 2.38 kg)",,"₹1,26,873",15,Shadow Black,3 cell,GDDR5,4 GB,Core i7,8th Gen,Yes,128 GB,No,39.62 cm (15.6 inch)
"HP Omen Core i5 7th Gen - (8 GB/1 TB HDD/128 GB SSD/Windows 10 Home/4 GB Graphics/NVIDIA GeForce GTX 1050) 15-ce071TX Gaming Laptop  (15.6 inch, SHadow Black, 2.6 kg)",,"₹1,02,551",Omen,SHadow Black,4 cell,GDDR5,4 GB,Core i5,7th Gen,Yes,128 GB,No,39.62 cm (15.6 inch)
"Nokia PureBook S14 Core i5 11th Gen - (8 GB/512 GB SSD/Windows 11 Home) NKi511TL85S Thin and Light Laptop  (14.1 inch, Black, 1.4 KG)",,"₹56,990",PureBook S14,Black,Up to 6 hours,Intel,Core i5,Yes,512 GB,8 GB,DDR4,No,35.81 cm (14.1 inch)
"Lenovo IdeaPad 5 Pro Core i5 11th Gen - (16 GB/512 GB SSD/Windows 10 Home/2 GB Graphics) 14ITL6 Thin and Light Laptop  (14 Inch, Storm Grey, 1.41 kg, With MS Office)",,"₹78,990",14ITL6,IdeaPad 5 Pro,Processing & Multitasking,GDDR6,2 GB,Core i5,11th Gen,Yes,512 GB,No,35.56 cm (14 Inch)
"ASUS Pro P5 Core i7 8th Gen - (8 GB/1 TB HDD/256 GB SSD/Windows 10 Pro) Pro P5 P5440FA Thin and Light Laptop  (14 inch, Grey, 1.26 kg)",,"₹98,912",Pro P5,Grey,65 W AC Adapter,Intel,Core i7,Yes,256 GB,8 GB,DDR4,No,35.56 cm (14 inch)
"ASUS ExpertBook B9 Core i5 10th Gen - (8 GB/512 GB SSD/Windows 10 Home) ExpertBook B9 B9450FA Thin and Light Laptop  (14 inch, Star Black, 0.995 kg)",,"₹1,09,990",B9450FA-BM0691T,ExpertBook B9,Processing & Multitasking,Intel,Core i5,Yes,512 GB,8 GB,LPDDR3,No,35.56 cm (14 inch)
"ASUS ExpertBook P1 Core i5 10th Gen - (4 GB/1 TB HDD/Windows 10 Pro) ExpertBook P1 P1440FA Thin and Light Laptop  (14 inch, Black, 1.68 kg)",,"₹61,249",P1440FA-FQ2349R,ExpertBook P1,Processing & Multitasking,Intel,Core i5,No,4 GB,DDR4,1 TB,No,35.56 cm (14 inch)
"Lenovo Legion 5 Pro Core i7 11th Gen - (16 GB/1 TB SSD/Windows 11 Home/6 GB Graphics/NVIDIA GeForce RTX 3060) 16ITH6H Gaming Laptop  (16 inch, Stingray, With MS Office)",,"₹1,54,990",16ITH6H,Legion 5 Pro,Gaming,GDDR6,6 GB,Core i7,11th Gen,Yes,1 TB,"11ax, 2x2",v5.1
"acer Core i7 8th Gen - (8 GB/1 TB HDD/Windows 10 Home) Z2-485 Thin and Light Laptop  (14 inch, Black, 1.8 Kg)",3.9,"₹38,990",Black,Thin and Light Laptop,No,Intel,Core i7,No,8 GB,DDR4,1 TB,No,35.56 cm (14 inch)
"Lenovo Legion Core i5 9th Gen - (8 GB/1 TB HDD/256 GB SSD/Windows 10 Home/4 GB Graphics) Y540-15IRH-PG0 Laptop  (15.6 inch, Raven Black, 2.3 KG)",4.3,"₹59,990",Legion,Raven Black,Upto 10 hrs,GDDR5,4 GB,Core i5,9th Gen,Yes,256 GB,No,39.62 cm (15.6 inch)
"ASUS ExpertBook B9 Core i7 10th Gen - (16 GB/1 TB SSD/Windows 10 Pro) ExpertBook B9 B9450FA Thin and Light Laptop  (14 inch, Star Black, 0.995 kg)",,"₹1,67,990",B9450FA-BM0696R,ExpertBook B9,Processing & Multitasking,Intel,Core i7,Yes,1 TB,16 GB,LPDDR3,No,35.56 cm (14 inch)
"ASUS ExpertBook B9 Core i7 10th Gen - (16 GB/2 TB SSD/Windows 10 Pro) ExpertBook B9 B9450FA Thin and Light Laptop  (14 inch, Star Black, 0.995 kg)",,"₹2,33,990",B9450FA-BM0699R,ExpertBook B9,Processing & Multitasking,Intel,Core i7,Yes,2 TB,16 GB,LPDDR3,No,35.56 cm (14 inch)
"Lenovo IdeaPad Gaming 3 Core i5 11th Gen - (8 GB/512 GB SSD/Windows 10 Home/4 GB Graphics/NVIDIA GeForce RTX 3050) 15IHU6 Gaming Laptop  (15.6 Inch, Shadow Black, 2.25 kg)",,"₹72,990",15IHU6,IdeaPad Gaming 3,Gaming,GDDR6,4 GB,Core i5,11th Gen,Yes,512 GB,No,39.62 cm (15.6 Inch)
"HP 14s Core i3 10th Gen - (8 GB/512 GB SSD/Windows 10 Home) 14s- ER0502TU Thin and Light Laptop  (14 Inch, Natural Silver, 1.49 KG, With MS Office)",4.4,"₹46,490",14s,Natural Silver,3 Cell,Intel,Core i3,Yes,512 GB,8 GB,DDR4,No,35.56 cm (14 Inch)
"Lenovo Yoga 7 Core i5 11th Gen - (16 GB/512 GB SSD/Windows 10 Home) 14ITL5 2 in 1 Laptop  (14 Inch, Slate Grey, 1.43 KG, With MS Office)",5,"₹85,990",Yoga 7,Slate Grey,Up to 16 Hours,Intel,Core i5,Yes,512 GB,16 GB,DDR4,Yes,35.56 cm (14 Inch)
"Lenovo Thinkbook Convertible Core i7 11th Gen - (16 GB/512 GB SSD/Windows 10 Home) TB14s ITL Yoga 2 in 1 Laptop  (14 inch, Mineral Grey, 1.5 kg, With MS Office)",,"₹99,990",TB14s ITL Yoga,Thinkbook Convertible,Processing & Multitasking,Intel,Core i7,Yes,512 GB,16 GB,DDR4,Yes,35.56 cm (14 inch)
"Lenovo Legion Core i5 9th Gen - (8 GB/512 GB SSD/Windows 10 Home/4 GB Graphics/NVIDIA GeForce GTX 1650) Y540-15IRH-PG0 Gaming Laptop  (15.6 inch, Raven Black, 2.3 kg)",,"₹59,990",Y540-15IRH-PG0,Legion,Gaming,GDDR5,4 GB,Core i5,9th Gen,Yes,512 GB,No,39.62 cm (15.6 inch)
"ALIENWARE Core i7 9th Gen - (16 GB/1 TB SSD/Windows 10 Home/8 GB Graphics/NVIDIA GeForce RTX 2070) m15 R2 Gaming Laptop  (15.6 inch, Lunar Light, 2.16 kg, With MS Office)",,"₹2,04,990",Lunar Light,Gaming Laptop,6 cell,GDDR6,8 GB,Core i7,9th Gen,Yes,1 TB,No,39.62 cm (15.6 inch)
"Lenovo Thinkbook Convertible Core i5 11th Gen - (16 GB/512 GB SSD/Windows 10 Home) TB14s ITL Yoga 2 in 1 Laptop  (14 inch, Mineral Grey, 1.5 kg, With MS Office)",,"₹89,990",TB14s ITL Yoga,Thinkbook Convertible,Processing & Multitasking,Intel,Core i5,Yes,512 GB,16 GB,DDR4,Yes,35.56 cm (14 inch)
"ASUS Vivobook 15 Core i3 11th Gen - (8 GB/256 GB SSD/Windows 10 Home) X515EA-BQ312TS Laptop  (15.6 inch, Transparent Silver, 1.80 kg, With MS Office)",4.6,"₹39,990",X515EA-BQ312TS,Vivobook 15,Processing & Multitasking,Intel,Core i3,Yes,256 GB,8 GB,DDR4,No,39.62 cm (15.6 inch)
"HP 15s Core i5 11th Gen - (8 GB/512 GB SSD/Windows 10 Home/2 GB Graphics) 15s-DR3500TX Thin and Light Laptop  (15.6 inch, Natural Silver, 1.75 kg, With MS Office)",4.2,"₹64,990",15s,Natural Silver,Upto 12 hours,GDDR5,2 GB,Core i5,11th Gen,Yes,512 GB,No,39.62 cm (15.6 inch)
"Lenovo IdeaPad Gaming 3 Core i5 10th Gen - (8 GB/512 GB SSD/Windows 10 Home/4 GB Graphics/NVIDIA GeForce GTX 1650/120 Hz) 15IMH05 Gaming Laptop  (15.6 inch, Onyx Black, 2.2 kg)",3.9,"₹57,990",IdeaPad Gaming 3,Onyx Black,Upto 8 hours,GDDR6,4 GB,Core i5,10th Gen,Yes,512 GB,No,39.62 cm (15.6 inch)
"Lenovo IdeaPad 5 Pro Core i5 11th Gen - (16 GB/512 GB SSD/Windows 10 Home) 14ITL6 Thin and Light Laptop  (14 inch, Storm Grey, 1.38 kg, With MS Office)",,"₹73,990",IdeaPad 5 Pro,Storm Grey,Upto 10 hours,Intel,Core i5,Yes,512 GB,16 GB,DDR4,No,35.56 cm (14 inch)
"HP Pavilion Aero Ryzen 5 Hexa Core 5600U - (16 GB/512 GB SSD/Windows 10 Home) 13-BE0190AU Thin and Light Laptop  (13.3 inches, Pale Rose Gold, 0.97 kg, With MS Office)",4.5,"₹69,990",Pavilion Aero,Pale Rose Gold,AC Adapter,AMD,Ryzen 5 Hexa Core,512 GB,16 GB,DDR4,5600U,No,33.78 cm (13.3 inches)
"Lenovo Ideapad 720S Core i7 8th Gen - (8 GB/512 GB SSD/Windows 10 Home) 720S-13IKB Thin and Light Laptop  (13.3 inch, Platinum, 1.14 kg, With MS Office)",,"₹86,000",Ideapad 720S,Platinum,Upto 10 hours,Intel,Core i7,Yes,512 GB,8 GB,DDR4,No,33.78 cm (13.3 inch)
"ASUS ExpertBook P2 Core i5 10th Gen - (8 GB/512 GB SSD/Windows 10 Pro/2 GB Graphics) ExpertBook P2 P2451FB Thin and Light Laptop  (14 inch, Star Black, 1.60 kg)",,"₹86,990",P2451FB-EK0093R,ExpertBook P2,Processing & Multitasking,GDDR5,2 GB,Core i5,10th Gen,Yes,512 GB,No,35.56 cm (14 inch)
"ASUS ExpertBook P2 Core i7 10th Gen - (8 GB/1 TB HDD/Windows 10 Pro/2 GB Graphics) ExpertBook P2 P2451FB Thin and Light Laptop  (14 inch, Star Black, 1.60 kg)",,"₹93,990",P2451FB-EK0095R,ExpertBook P2,Processing & Multitasking,GDDR5,2 GB,Core i7,10th Gen,No,8 GB,No,35.56 cm (14 inch)
"acer Swift 5 Core i5 8th Gen - (8 GB/512 GB SSD/Windows 10 Home) SF514-52T -59JY Thin and Light Laptop  (14 inch, Charcoal Blue, 0.97 kg)",3.8,"₹69,351",Swift 5,Charcoal Blue,Upto 8 hours,Intel,Core i5,Yes,512 GB,8 GB,DDR3,No,35.56 cm (14 inch)
"Lenovo Ideapad Gaming 3 Ryzen 7 Octa Core 4800H - (8 GB/1 TB HDD/256 GB SSD/Windows 10 Home/4 GB Graphics/NVIDIA GeForce GTX 1650 Ti/60 Hz) 15ARH05 Gaming Laptop  (15.6 inch, Onyx Black, 2.2 kg)",,"₹98,390",Ideapad Gaming 3,Onyx Black,Upto 6.7 hours,GDDR6,4 GB,Ryzen 7 Octa Core,Yes,256 GB,8 GB,No,39.62 cm (15.6 inch)
"Lenovo Legion Core i5 9th Gen - (8 GB/1 TB HDD/256 GB SSD/Windows 10 Home/4 GB Graphics/NVIDIA GeForce GTX 1650) Y540-15IRH-PG0 Gaming Laptop  (15.6 inch, Raven Black, 2.3 kg, With MS Office)",4.1,"₹61,990",Legion,Raven Black,Upto 10 hours,GDDR5,4 GB,Core i5,9th Gen,Yes,256 GB,No,39.62 cm (15.6 inch)
"DELL Inspiron Core i7 10th Gen - (8 GB/512 GB SSD/Windows 10 Home) Inspiron 7391 2 in 1 Laptop  (13.3 inch, Black, 1.45 kg, With MS Office)",,"₹1,08,990",Inspiron,Black,Upto 6 hours,Intel,Core i7,Yes,512 GB,8 GB,DDR4,Yes,33.78 cm (13.3 inch)
"Lenovo Thinkbook Convertible Core i5 11th Gen - (8 GB/512 GB SSD/Windows 10 Home) ThinkBook 14s Yoga 2 in 1 Laptop  (14 inch, Mineral grey, 1.5 kg, With MS Office)",,"₹85,990",ThinkBook 14s Yoga,Thinkbook Convertible,Processing & Multitasking,Intel,Core i5,Yes,512 GB,8 GB,DDR4,Yes,35.56 cm (14 inch)
"ASUS Vivobook 14 Core i3 10th Gen - (4 GB/1 TB HDD/Windows 10 Home) X409FA Notebook  (14 inch, Slate Grey, 1.6 kg)",3.6,"₹33,990",X409FA-BV301T,Vivobook 14,Everyday Use,Intel,Core i3,No,4 GB,DDR4,1 TB,No,35.56 cm (14 inch)
"Lenovo ThinkPad Core i5 10th Gen - (16 GB/512 GB HDD/512 GB SSD/Windows 10 Pro) T14 Thin and Light Laptop  (14 Inch, Black, 1.55 KG)",,"₹1,55,411",ThinkPad T14,ThinkPad,Processing & Multitasking,Intel,Core i5,Yes,512 GB,16 GB,DDR4,Yes,35.56 cm (14 Inch)
"Lenovo IdeaPad Gaming 3 Core i5 10th Gen - (8 GB/1 TB HDD/256 GB SSD/Windows 10 Home/4 GB Graphics/NVIDIA GeForce GTX 1650) 15IMH05 Gaming Laptop  (15.6 inch, Onyx Black, 2.2 kg, With MS Office)",3.9,"₹63,990",IdeaPad Gaming 3,Onyx Black,Upto 8 hours,GDDR6,4 GB,Core i5,10th Gen,Yes,256 GB,No,39.62 cm (15.6 inch)
"acer Spin 7 Core i7 7th Gen - (8 GB/256 GB SSD/Windows 10 Home) SP714-51 Laptop  (14 inch, Black)",4,"₹1,19,990",Aspire,Spin 7,"Travel & Business, Processing & Multitasking",Intel,Core i7,Yes,256 GB,8 GB,DDR3,Yes,35.56 cm (14 inch)
"HP Envy Core i5 10th Gen - (16 GB/512 GB SSD/Windows 10 Home/4 GB Graphics) 15-ep0011TX Laptop  (15.6 inch, Natural Silver, 2.14 kg, With MS Office)",3.3,"₹1,09,990",Envy,Natural Silver,6 cell,GDDR6,4 GB,Core i5,10th Gen,Yes,512 GB,No,39.62 cm (15.6 inch)
"Lenovo Ideapad 720S Core i5 8th Gen - (8 GB/512 GB SSD/Windows 10 Home) 720S-13IKB Thin and Light Laptop  (13.3 inch, Platinum, 1.14 kg, With MS Office)",3.3,"₹74,990",Ideapad 720S,Platinum,Upto 10 hours,Intel,Core i5,Yes,512 GB,8 GB,DDR4,No,33.78 cm (13.3 inch)
"Lenovo ThinkPad x390 Core i7 10th Gen - (8 GB/512 GB SSD/Windows 10 Pro) ThinkPad X390 Thin and Light Laptop  (13.3 inch, Black, 1.29 kg)",,"₹1,29,990",ThinkPad x390,Black,Upto 17.6 hours,Intel,Core i7,Yes,512 GB,8 GB,DDR4,No,33.78 cm (13.3 inch)
"Lenovo ThinkPad Core i7 10th Gen - (16 GB/512 GB SSD/Windows 10 Pro) X13 Thin and Light Laptop  (13.3 Inch, Black, 1.29 KG)",,"₹1,74,527",ThinkPad X13,ThinkPad,Processing & Multitasking,Intel,Core i7,Yes,512 GB,16 GB,DDR4,No,33.78 cm (13.3 Inch)
"acer Swift 7 Core i5 7th Gen - (8 GB/256 GB SSD/Windows 10 Home) SF713-51 Thin and Light Laptop  (13.3 inch, Black, 1.125 kg, With MS Office)",4.4,"₹86,867",Swift 7,Black,Upto 8 hours,Intel,Core i5,Yes,256 GB,8 GB,DDR3,No,33.78 cm (13.3 inch)
"ASUS Pro P5 Core i5 8th Gen - (8 GB/512 GB SSD/Windows 10 Pro) Pro P5 P5440FA Thin and Light Laptop  (14 inch, Grey, 1.22 kg)",,"₹85,990",P5440FA-BM0581R,Pro P5,Processing & Multitasking,Intel,Core i5,Yes,512 GB,8 GB,DDR4,No,35.56 cm (14 inch)
"HP Spectre x360 Core i7 10th Gen - (16 GB/1 TB SSD/Windows 10 Pro) 13-aw0188TU 2 in 1 Laptop  (13.3 inch, Poseidon Blue, 1.27 kg)",4.2,"₹1,79,990",Spectre x360,Poseidon Blue,65 W AC Adapter,Intel,Core i7,Yes,1 TB,16 GB,DDR4,Yes,33.78 cm (13.3 inch)
"ASUS ExpertBook B9 Core i5 10th Gen - (8 GB/512 GB SSD/Windows 10 Pro) ExpertBook B9 B9450FA Thin and Light Laptop  (14 inch, Star Black, 0.995 kg)",,"₹1,32,790",B9450FA-BM0697R,ExpertBook B9,Processing & Multitasking,Intel,Core i5,Yes,512 GB,8 GB,LPDDR3,No,35.56 cm (14 inch)
"acer Swift 3 Core i5 10th Gen - (8 GB/512 GB SSD/Windows 10 Home/2 GB Graphics) SF314-57/SF314-57G Thin and Light Laptop  (14 inch, Steel Grey, 1.19 kg)",4.5,"₹64,990",Swift 3,Steel Grey,Upto 12.5 hours,GDDR5,2 GB,Core i5,10th Gen,Yes,512 GB,No,35.56 cm (14 inch)